,Rating ?/5,Number of Ratings,Price in INR,Ram_size,Storage_size,Battery_size,Company_name,Company_name
0,4.2,33561,5649,2.0,32.0,5000.0,12,12
1,4.2,77128,11999,4.0,64.0,5000.0,12,12
2,4.3,15175,6999,4.0,64.0,5000.0,12,12
3,4.2,22621,7749,4.0,64.0,5000.0,12,12
4,4.3,15175,6999,4.0,64.0,5000.0,12,12
5,4.2,77128,11999,4.0,64.0,5000.0,12,12
6,4.2,22621,7749,4.0,64.0,5000.0,12,12
7,4.2,22621,7749,4.0,64.0,5000.0,12,12
8,4.1,13647,9249,6.0,128.0,5000.0,12,12
9,4.2,40525,13999,6.0,128.0,5000.0,12,12
10,4.2,33561,5649,2.0,32.0,5000.0,12,12
11,4.1,13647,9249,6.0,128.0,5000.0,12,12
12,4.2,7572,8999,4.0,64.0,5000.0,12,12
13,4.2,7572,8999,4.0,64.0,5000.0,12,12
14,4.2,77128,11999,4.0,64.0,5000.0,12,12
15,4.1,13647,9249,6.0,128.0,5000.0,12,12
16,4.2,40525,13999,6.0,128.0,5000.0,12,12
17,4.1,11675,6499,3.0,32.0,5000.0,12,12
18,4.2,7572,8999,4.0,64.0,5000.0,12,12
19,4.2,21133,13999,8.0,128.0,5000.0,12,12
20,4.1,11675,6499,3.0,32.0,5000.0,12,12
21,4.1,7285,15999,6.0,128.0,5000.0,12,12
22,4.1,7285,15999,6.0,128.0,5000.0,12,12
23,4.2,21688,15999,8.0,128.0,5000.0,12,12
24,4.2,3525,10999,6.0,128.0,5000.0,12,12
25,4.2,3525,10999,6.0,128.0,5000.0,12,12
26,4.1,7285,15999,6.0,128.0,5000.0,12,12
27,4.2,3525,10999,6.0,128.0,5000.0,12,12
28,4.2,21133,13999,8.0,128.0,5000.0,12,12
29,4.2,54521,14499,6.0,128.0,5000.0,12,12
30,4.2,40239,13999,6.0,128.0,5000.0,12,12
31,4.2,85420,17499,6.0,128.0,5000.0,12,12
32,4.3,7885,21999,6.0,128.0,5000.0,12,12
33,4.3,7885,21999,6.0,128.0,5000.0,12,12
34,4.3,7885,21999,6.0,128.0,5000.0,12,12
35,4.2,85420,16499,6.0,64.0,5000.0,12,12
36,4.2,21576,19499,8.0,128.0,5000.0,12,12
37,4.3,48896,14999,4.0,64.0,5000.0,12,12
38,4.2,56081,16999,6.0,128.0,5000.0,12,12
39,4.2,21576,19499,8.0,128.0,5000.0,12,12
40,4.3,5304,27999,8.0,128.0,4500.0,12,12
41,4.2,85420,16499,6.0,64.0,5000.0,12,12
42,4.3,67498,11990,4.0,64.0,5000.0,12,12
43,4.2,85420,17499,6.0,128.0,5000.0,12,12
44,4.3,12889,27999,6.0,128.0,4500.0,12,12
45,4.2,85420,17499,6.0,128.0,5000.0,12,12
46,4.3,12889,27999,6.0,128.0,4500.0,12,12
47,4.3,64087,15999,4.0,64.0,5000.0,12,12
48,4.3,4739,32999,6.0,128.0,5065.0,12,12
49,4.3,67498,11999,4.0,64.0,5000.0,12,12
50,4.2,85420,16499,6.0,64.0,5000.0,12,12
51,4.3,4739,32999,6.0,128.0,5065.0,12,12
52,4.3,56643,25999,8.0,128.0,5160.0,12,12
53,4.3,5304,27999,8.0,128.0,4500.0,12,12
54,4.2,54521,17999,6.0,128.0,5000.0,12,12
55,4.4,12742,13999,8.0,128.0,5000.0,15,15
56,4.3,9101,11999,6.0,64.0,5000.0,15,15
57,4.4,12742,13999,8.0,128.0,5000.0,15,15
58,4.4,12742,13999,8.0,128.0,5000.0,15,15
59,4.3,9101,11999,6.0,64.0,5000.0,15,15
60,4.4,39053,10999,4.0,64.0,5000.0,15,15
61,4.4,39053,10999,4.0,64.0,5000.0,15,15
62,4.4,39053,10999,4.0,64.0,5000.0,15,15
63,4.3,9101,11999,6.0,64.0,5000.0,15,15
64,4.4,13111,10499,4.0,128.0,5000.0,15,15
65,4.4,13111,10499,4.0,128.0,5000.0,15,15
66,4.1,55030,6499,3.0,32.0,5000.0,15,15
67,4.4,13111,10499,4.0,128.0,5000.0,15,15
68,4.1,55030,6499,3.0,32.0,5000.0,15,15
69,4.1,55030,6499,3.0,32.0,5000.0,15,15
70,4.3,17768,19999,8.0,128.0,5000.0,15,15
71,4.3,17768,19999,8.0,128.0,5000.0,15,15
72,4.3,17768,19999,8.0,128.0,5000.0,15,15
73,4.3,24728,18999,6.0,128.0,5000.0,15,15
74,4.3,24728,18999,6.0,128.0,5000.0,15,15
75,4.3,24728,18999,6.0,128.0,5000.0,15,15
76,4.3,10967,12499,4.0,64.0,5000.0,15,15
77,4.3,10967,12499,4.0,64.0,5000.0,15,15
78,4.3,4676,15499,8.0,128.0,5000.0,15,15
79,4.4,4115,17999,8.0,128.0,5000.0,15,15
80,4.4,4115,17999,8.0,128.0,5000.0,15,15
81,4.3,4676,15499,8.0,128.0,5000.0,15,15
82,4.2,127,7076,3.0,32.0,5000.0,15,15
83,4.2,127,7078,3.0,32.0,5000.0,15,15
84,4.3,8557,16999,6.0,128.0,5000.0,15,15
85,4.5,48258,14999,4.0,64.0,5000.0,15,15
86,4.4,17460,12999,4.0,64.0,5000.0,15,15
87,4.3,11210,12999,6.0,128.0,5000.0,15,15
88,4.3,8557,16999,6.0,128.0,5000.0,15,15
89,4.3,8557,16999,6.0,128.0,5000.0,15,15
90,4.5,48258,14999,4.0,64.0,5000.0,15,15
91,4.3,11210,12999,6.0,128.0,5000.0,15,15
92,4.5,48258,14999,4.0,64.0,5000.0,15,15
93,4.3,359,13399,6.0,128.0,5000.0,15,15
94,4.4,51873,9999,4.0,128.0,6000.0,15,15
95,4.4,12742,15495,8.0,128.0,5000.0,15,15
96,4.4,17460,12350,4.0,64.0,5000.0,15,15
97,4.1,360,8449,4.0,64.0,5000.0,15,15
98,4.6,91242,7499,3.0,32.0,5000.0,15,15
99,4.6,91242,7499,3.0,32.0,5000.0,15,15
100,4.3,359,13589,6.0,128.0,5000.0,15,15
101,4.6,91242,7499,3.0,32.0,5000.0,15,15
102,4.4,25430,8999,3.0,32.0,5000.0,15,15
103,4.4,25430,8999,3.0,32.0,5000.0,15,15
104,4.4,25430,8999,3.0,32.0,5000.0,15,15
105,4.3,77321,12499,6.0,128.0,5000.0,15,15
106,4.4,51873,10489,4.0,128.0,6000.0,15,15
107,4.4,69800,9999,4.0,64.0,5000.0,15,15
108,4.4,69800,9999,4.0,64.0,5000.0,15,15
109,4.4,69800,9999,4.0,64.0,5000.0,15,15
110,4.3,63130,8949,4.0,64.0,5000.0,15,15
111,4.3,9393,23999,8.0,128.0,5000.0,15,15
112,4.3,9393,23999,8.0,128.0,5000.0,15,15
113,4.3,77321,12499,6.0,128.0,5000.0,15,15
114,4.4,13111,9999,4.0,64.0,5000.0,15,15
115,4.4,13111,9999,4.0,64.0,5000.0,15,15
116,4.4,13111,9999,4.0,64.0,5000.0,15,15
117,4.5,48051,8049,3.0,32.0,5000.0,15,15
118,4.5,48051,8049,3.0,32.0,5000.0,15,15
119,4.4,65343,8749,4.0,64.0,5000.0,15,15
120,4.4,65343,8749,4.0,64.0,5000.0,15,15
121,4.3,28717,15999,8.0,128.0,5000.0,15,15
122,4.4,16541,25999,8.0,128.0,5000.0,15,15
123,4.1,1238,11998,4.0,64.0,5000.0,15,15
124,4.1,1238,11300,4.0,64.0,5000.0,15,15
125,4.4,16541,25999,8.0,128.0,5000.0,15,15
126,4.4,16541,25999,8.0,128.0,5000.0,15,15
127,4.4,24462,24999,6.0,128.0,5000.0,15,15
128,4.1,1238,11979,4.0,128.0,5000.0,15,15
129,4.4,24462,24999,6.0,128.0,5000.0,15,15
130,4.4,24462,24999,6.0,128.0,5000.0,15,15
131,4.4,6173,6999,2.0,32.0,5000.0,15,15
132,4.4,6173,6999,2.0,32.0,5000.0,15,15
133,4.5,27119,14499,6.0,128.0,5000.0,15,15
134,4.4,28393,14999,6.0,128.0,5000.0,15,15
135,4.1,360,8427,4.0,64.0,5000.0,15,15
136,4.4,28393,14999,6.0,128.0,5000.0,15,15
137,4.4,51873,8999,4.0,64.0,6000.0,15,15
138,4.4,12742,15499,8.0,128.0,5000.0,15,15
139,4.4,51873,8999,4.0,64.0,6000.0,15,15
140,4.3,16739,11699,6.0,128.0,5000.0,15,15
141,4.3,63130,8910,4.0,64.0,5000.0,15,15
142,4.3,16739,11699,6.0,128.0,5000.0,15,15
143,4.3,9393,23999,8.0,128.0,5000.0,15,15
144,4.3,77321,11499,6.0,64.0,5000.0,15,15
145,4.3,77321,11499,6.0,64.0,5000.0,15,15
146,4.4,70506,17999,6.0,128.0,5000.0,15,15
147,4.3,28717,15999,8.0,128.0,5000.0,15,15
148,4.3,60355,12999,6.0,64.0,5000.0,15,15
149,4.3,11117,12999,8.0,128.0,4200.0,15,15
150,4.2,6505,8499,4.0,64.0,5000.0,15,15
151,4.3,4676,17999,8.0,128.0,5000.0,15,15
152,4.4,32551,19999,8.0,128.0,4500.0,15,15
153,4.5,41495,13499,4.0,64.0,5000.0,15,15
154,4.5,41495,13499,4.0,64.0,5000.0,15,15
155,4.4,72333,9499,3.0,32.0,5000.0,15,15
156,4.1,1238,11199,4.0,64.0,5000.0,15,15
157,4.2,6505,9290,4.0,64.0,5000.0,15,15
158,4.3,19257,34999,6.0,128.0,5000.0,15,15
159,4.3,178,16846,4.0,128.0,5000.0,15,15
160,4.5,47528,10999,4.0,64.0,5000.0,15,15
161,4.3,19257,34999,6.0,128.0,5000.0,15,15
162,4.5,47528,10999,4.0,64.0,5000.0,15,15
163,4.3,19257,34999,6.0,128.0,5000.0,15,15
164,4.3,13087,36999,8.0,128.0,5000.0,15,15
165,4.3,13087,36999,8.0,128.0,5000.0,15,15
166,4.4,85111,18999,6.0,128.0,5000.0,15,15
167,4.2,381,20990,6.0,128.0,5000.0,15,15
168,4.5,47528,11999,4.0,128.0,5000.0,15,15
169,4.2,111,21999,8.0,128.0,5000.0,15,15
170,4.3,77567,16499,4.0,128.0,5000.0,15,15
171,4.4,61201,17999,6.0,64.0,4300.0,15,15
172,4.4,80202,10499,4.0,64.0,4230.0,15,15
173,4.4,80202,10499,4.0,64.0,4230.0,15,15
174,4.1,55030,6049,3.0,32.0,5000.0,15,15
175,4.1,55030,6049,3.0,32.0,5000.0,15,15
176,4.4,65374,16999,6.0,128.0,5000.0,15,15
177,4.3,178,17999,4.0,64.0,5000.0,15,15
178,4.1,1238,12700,4.0,128.0,5000.0,15,15
179,4.2,381,20990,6.0,128.0,5000.0,15,15
180,4.1,55030,6049,3.0,32.0,5000.0,15,15
181,4.4,26968,17999,8.0,128.0,5000.0,15,15
182,4.3,11117,12999,8.0,128.0,4200.0,15,15
183,4.4,32192,17999,6.0,128.0,4500.0,15,15
184,4.1,55030,6049,3.0,32.0,5000.0,15,15
185,4.5,41495,13499,4.0,64.0,5000.0,15,15
186,4.5,41495,13499,4.0,64.0,5000.0,15,15
187,4.4,32192,17999,6.0,128.0,4500.0,15,15
188,4.4,32551,19999,8.0,128.0,4500.0,15,15
189,4.4,32192,17999,6.0,128.0,4500.0,15,15
190,4.4,32192,17999,6.0,128.0,4500.0,15,15
191,4.5,27119,14499,6.0,128.0,5000.0,15,15
192,4.4,32551,19999,8.0,128.0,4500.0,15,15
193,4.3,62922,22999,8.0,128.0,4300.0,15,15
194,4.3,62922,22999,8.0,128.0,4300.0,15,15
195,4.4,47287,20999,6.0,128.0,4300.0,15,15
196,4.4,50931,14999,6.0,128.0,5000.0,15,15
197,4.3,62922,22999,8.0,128.0,4300.0,15,15
198,4.3,62922,22999,8.0,128.0,4300.0,15,15
199,4.4,47287,20999,6.0,128.0,4300.0,15,15
200,4.4,50931,14999,6.0,128.0,5000.0,15,15
201,4.4,50931,14999,6.0,128.0,5000.0,15,15
202,4.4,50931,14999,6.0,128.0,5000.0,15,15
203,4.4,72333,9499,3.0,32.0,5000.0,15,15
204,4.4,47287,20999,6.0,128.0,4300.0,15,15
205,4.4,47287,20999,6.0,128.0,4300.0,15,15
206,4.3,108,17750,6.0,128.0,5000.0,15,15
207,4.3,15032,20999,8.0,128.0,5000.0,15,15
208,4.5,47528,11999,4.0,128.0,5000.0,15,15
209,4.4,44548,9999,4.0,64.0,6000.0,15,15
210,4.4,44548,10999,4.0,128.0,6000.0,15,15
211,4.3,15032,20999,8.0,128.0,5000.0,15,15
212,4.4,70506,17999,6.0,128.0,5000.0,15,15
213,4.4,44548,10999,4.0,128.0,6000.0,15,15
214,4.4,44548,9999,4.0,64.0,6000.0,15,15
215,4.4,85111,18999,6.0,128.0,5000.0,15,15
216,4.4,80202,10499,4.0,64.0,4230.0,15,15
217,4.4,85111,18999,6.0,128.0,5000.0,15,15
218,4.4,70390,18499,8.0,128.0,5000.0,15,15
219,4.4,65374,16999,6.0,128.0,5000.0,15,15
220,4.4,26968,17999,8.0,128.0,5000.0,15,15
221,4.4,86814,13999,4.0,64.0,4300.0,15,15
222,4.4,70390,18499,8.0,128.0,5000.0,15,15
223,4.3,77567,16499,4.0,128.0,5000.0,15,15
224,4.3,77567,15499,4.0,64.0,5000.0,15,15
225,4.3,77567,15499,4.0,64.0,5000.0,15,15
226,4.2,25145,8499,4.0,64.0,5000.0,14,14
227,4.2,25145,8499,4.0,64.0,5000.0,14,14
228,4.2,15053,14490,6.0,128.0,6000.0,14,14
229,4.2,15053,14490,6.0,128.0,6000.0,14,14
230,4.2,10236,15890,6.0,128.0,6000.0,14,14
231,4.2,6173,13490,4.0,128.0,6000.0,14,14
232,4.2,6173,13490,4.0,128.0,6000.0,14,14
233,4.2,6173,13490,4.0,128.0,6000.0,14,14
234,4.2,2481,17344,8.0,128.0,6000.0,14,14
235,4.2,2481,17236,8.0,128.0,6000.0,14,14
236,4.2,15053,14490,6.0,128.0,6000.0,14,14
237,4.1,2898,8093,4.0,64.0,5000.0,14,14
238,4.1,2898,7985,4.0,64.0,5000.0,14,14
239,4.2,43388,15999,4.0,128.0,5000.0,14,14
240,4.2,2481,17195,8.0,128.0,6000.0,14,14
241,4.2,784,12599,6.0,128.0,6000.0,14,14
242,4.2,2481,17332,8.0,128.0,6000.0,14,14
243,4.2,10236,15499,6.0,128.0,6000.0,14,14
244,4.1,2898,8989,4.0,128.0,5000.0,14,14
245,4.0,434,24994,8.0,128.0,5000.0,14,14
246,4.2,10236,15963,6.0,128.0,6000.0,14,14
247,4.1,2898,9999,4.0,128.0,5000.0,14,14
248,4.2,3489,10710,4.0,64.0,6000.0,14,14
249,4.2,1185,28685,8.0,128.0,4500.0,14,14
250,4.2,3489,10857,4.0,64.0,6000.0,14,14
251,4.2,1185,28990,8.0,128.0,4500.0,14,14
252,4.2,3489,10969,4.0,64.0,6000.0,14,14
253,4.0,1698,18999,6.0,128.0,5000.0,14,14
254,4.2,784,12645,6.0,128.0,6000.0,14,14
255,4.1,1133,16499,4.0,64.0,5000.0,14,14
256,4.2,43388,15999,4.0,128.0,5000.0,14,14
257,4.0,1698,18999,6.0,128.0,5000.0,14,14
258,4.1,3592,6775,2.0,32.0,5000.0,14,14
259,4.1,542,21999,6.0,128.0,5000.0,14,14
260,4.0,1698,18999,6.0,128.0,5000.0,14,14
261,4.2,784,12570,6.0,128.0,6000.0,14,14
262,4.1,1021,20999,8.0,128.0,5000.0,14,14
263,4.1,1021,20999,8.0,128.0,5000.0,14,14
264,4.2,1185,29990,8.0,128.0,4500.0,14,14
265,4.1,1133,16499,4.0,64.0,5000.0,14,14
266,4.2,715,30999,8.0,128.0,5000.0,14,14
267,4.2,3489,10900,4.0,64.0,6000.0,14,14
268,4.1,1133,16499,4.0,64.0,5000.0,14,14
269,4.2,715,30999,8.0,128.0,5000.0,14,14
270,4.1,703,24297,6.0,128.0,5000.0,14,14
271,4.2,715,30999,8.0,128.0,5000.0,14,14
272,4.2,715,30999,8.0,128.0,5000.0,14,14
273,4.1,542,21999,6.0,128.0,5000.0,14,14
274,4.2,10236,15899,6.0,128.0,6000.0,14,14
275,4.1,779,13799,4.0,64.0,5000.0,14,14
276,4.2,995,17499,6.0,128.0,5000.0,14,14
277,4.0,434,25470,8.0,128.0,5000.0,14,14
278,4.2,10236,15899,6.0,128.0,6000.0,14,14
279,4.2,995,17499,6.0,128.0,5000.0,14,14
280,4.3,54879,39999,8.0,128.0,4500.0,14,14
281,4.2,995,17499,6.0,128.0,5000.0,14,14
282,4.3,54879,39999,8.0,128.0,4500.0,14,14
283,4.2,10236,16380,6.0,128.0,6000.0,14,14
284,4.1,1021,20999,8.0,128.0,5000.0,14,14
285,4.3,54879,39999,8.0,128.0,4500.0,14,14
286,4.4,66,9999,3.0,64.0,5000.0,14,14
287,4.2,1228,15195,6.0,128.0,5000.0,14,14
288,4.2,1228,14990,6.0,128.0,5000.0,14,14
289,4.0,1008,29900,8.0,128.0,4500.0,14,14
290,4.0,434,25470,8.0,128.0,5000.0,14,14
291,4.4,66,9999,3.0,64.0,5000.0,14,14
292,4.1,74,12499,4.0,64.0,5000.0,14,14
293,4.3,567,19999,8.0,128.0,5000.0,14,14
294,4.1,74,12499,4.0,64.0,5000.0,14,14
295,4.2,995,17499,6.0,128.0,5000.0,14,14
296,4.0,46,12999,4.0,128.0,5000.0,14,14
297,4.2,4476,15899,6.0,128.0,6000.0,14,14
298,4.1,3592,7499,2.0,32.0,5000.0,14,14
299,4.2,1228,14995,6.0,128.0,5000.0,14,14
300,4.2,447,16499,6.0,128.0,5000.0,14,14
301,4.3,233,15779,6.0,128.0,6000.0,14,14
302,4.2,430,12678,4.0,64.0,6000.0,14,14
303,4.1,3940,16200,6.0,128.0,5000.0,14,14
304,4.3,68185,15899,4.0,64.0,4000.0,14,14
305,4.3,414,38999,8.0,128.0,5000.0,14,14
306,4.1,6297,22999,8.0,128.0,5000.0,14,14
307,4.0,46,12999,4.0,128.0,5000.0,14,14
308,4.1,1044,28999,8.0,128.0,5000.0,14,14
309,4.2,1185,28980,8.0,128.0,4500.0,14,14
310,4.3,2204,25990,6.0,128.0,4500.0,14,14
311,4.3,66768,13499,6.0,128.0,6000.0,14,14
312,4.1,779,13799,4.0,64.0,5000.0,14,14
313,4.1,916,8199,3.0,32.0,5000.0,14,14
314,4.1,916,9990,3.0,32.0,5000.0,14,14
315,4.2,447,16499,6.0,128.0,5000.0,14,14
316,4.0,1008,27998,8.0,128.0,4500.0,14,14
317,4.3,54879,39999,8.0,128.0,4500.0,14,14
318,4.2,1636,36990,8.0,128.0,5000.0,14,14
319,4.3,66768,13499,6.0,128.0,6000.0,14,14
320,4.7,7,9850,3.0,64.0,5000.0,14,14
321,4.1,3592,7462,2.0,32.0,5000.0,14,14
322,4.1,3592,7790,2.0,32.0,5000.0,14,14
323,4.1,1922,27999,6.0,128.0,5000.0,14,14
324,4.1,3592,7199,2.0,32.0,5000.0,14,14
325,4.1,74,13499,4.0,128.0,5000.0,14,14
326,4.2,1636,41999,8.0,128.0,5000.0,14,14
327,4.0,46,11999,4.0,64.0,5000.0,14,14
328,4.1,859,14499,4.0,64.0,5000.0,14,14
329,4.2,4476,18999,6.0,128.0,6000.0,14,14
330,4.2,40,11499,4.0,128.0,5000.0,14,14
331,4.0,46,12999,4.0,128.0,5000.0,14,14
332,4.1,74,13499,4.0,128.0,5000.0,14,14
333,4.2,2659,40999,8.0,128.0,4500.0,14,14
334,4.1,1353,17999,6.0,128.0,5000.0,14,14
335,4.0,1008,28500,8.0,128.0,4500.0,14,14
336,4.4,16,30999,6.0,128.0,5000.0,14,14
337,4.2,1129,18450,6.0,128.0,5000.0,14,14
338,4.1,859,14999,4.0,128.0,5000.0,14,14
339,4.2,40,11499,4.0,128.0,5000.0,14,14
340,4.1,1044,27995,8.0,128.0,5000.0,14,14
341,4.1,1044,27499,8.0,128.0,5000.0,14,14
342,4.2,1467,17990,8.0,128.0,5000.0,14,14
343,4.1,3940,16900,6.0,128.0,5000.0,14,14
344,4.0,1817,8487,3.0,32.0,5000.0,14,14
345,4.2,10468,19998,6.0,64.0,5000.0,14,14
346,4.2,4546,9499,3.0,32.0,5000.0,14,14
347,4.4,7289,29499,8.0,128.0,4500.0,14,14
348,4.2,7806,12127,6.0,128.0,6000.0,14,14
349,4.2,1467,18999,8.0,128.0,5000.0,14,14
350,4.2,1129,16999,6.0,128.0,5000.0,14,14
351,4.2,1300,9176,3.0,32.0,5000.0,14,14
352,4.2,430,11390,4.0,64.0,6000.0,14,14
353,4.1,193,11499,4.0,64.0,5000.0,14,14
354,4.2,4546,9499,3.0,32.0,5000.0,14,14
355,4.2,23004,17998,4.0,64.0,5000.0,14,14
356,4.0,1429,7766,2.0,32.0,5000.0,14,14
357,4.1,859,14499,4.0,64.0,5000.0,14,14
358,4.1,2546,24999,6.0,128.0,5000.0,14,14
359,4.2,10468,19998,6.0,64.0,5000.0,14,14
360,4.1,1558,33499,8.0,128.0,5000.0,14,14
361,4.3,7505,16590,6.0,128.0,6000.0,14,14
362,4.2,1467,19999,8.0,128.0,5000.0,14,14
363,4.2,4594,11499,4.0,64.0,5000.0,14,14
364,4.2,10712,10999,3.0,32.0,5000.0,14,14
365,4.1,1353,17999,6.0,128.0,5000.0,14,14
366,4.2,23004,13999,4.0,64.0,5000.0,14,14
367,4.2,91,11490,4.0,64.0,6000.0,14,14
368,4.3,1303,31998,8.0,128.0,4500.0,14,14
369,4.0,1817,8298,3.0,32.0,5000.0,14,14
370,4.3,2204,30498,6.0,128.0,4500.0,14,14
371,4.3,4323,15999,4.0,128.0,6000.0,14,14
372,4.3,816,19000,6.0,128.0,6000.0,14,14
373,4.2,1252,10190,4.0,64.0,5000.0,14,14
374,4.1,1353,17999,6.0,128.0,5000.0,14,14
375,4.2,4546,10499,3.0,32.0,5000.0,14,14
376,4.3,1234,12900,3.0,32.0,4000.0,14,14
377,4.2,10468,18999,6.0,128.0,5000.0,14,14
378,4.4,6810,12499,4.0,64.0,5000.0,10,10
379,4.5,5055,9499,3.0,64.0,5000.0,10,10
380,4.4,6810,12499,4.0,64.0,5000.0,10,10
381,4.4,6810,12499,4.0,64.0,5000.0,10,10
382,4.3,879,16499,8.0,128.0,5000.0,10,10
383,4.4,6810,11929,4.0,64.0,5000.0,10,10
384,4.3,879,16499,8.0,128.0,5000.0,10,10
385,4.3,9921,29999,8.0,128.0,4800.0,10,10
386,4.3,9921,29999,8.0,128.0,4800.0,10,10
387,4.4,940,18798,8.0,128.0,5000.0,10,10
388,4.4,940,18498,8.0,128.0,5000.0,10,10
389,4.5,5055,9820,3.0,64.0,5000.0,10,10
390,4.5,5055,9499,3.0,64.0,5000.0,10,10
391,4.5,5055,9499,3.0,64.0,5000.0,10,10
392,4.4,4498,20999,8.0,128.0,4500.0,10,10
393,4.1,511,21699,8.0,128.0,4500.0,10,10
394,4.3,37318,29999,8.0,128.0,4500.0,10,10
395,4.5,5055,9349,3.0,64.0,5000.0,10,10
396,4.3,2203,11990,3.0,32.0,4230.0,10,10
397,4.3,2203,9490,3.0,32.0,4230.0,10,10
398,4.3,37318,29999,8.0,128.0,4500.0,10,10
399,4.4,3001,13999,4.0,64.0,5000.0,10,10
400,4.2,790,24497,8.0,128.0,4500.0,10,10
401,4.2,790,25388,8.0,128.0,4500.0,10,10
402,4.4,3001,13999,4.0,64.0,5000.0,10,10
403,4.1,69,18989,8.0,128.0,5000.0,10,10
404,4.2,796,15499,4.0,64.0,5000.0,10,10
405,4.3,916,9490,3.0,32.0,4230.0,10,10
406,4.4,3001,13999,4.0,64.0,5000.0,10,10
407,4.4,3001,13995,4.0,64.0,5000.0,10,10
408,4.1,511,20900,8.0,128.0,4500.0,10,10
409,4.2,796,15999,4.0,128.0,5000.0,10,10
410,4.3,700,9990,3.0,32.0,4230.0,10,10
411,4.2,796,15999,4.0,128.0,5000.0,10,10
412,4.3,469,16490,6.0,128.0,5000.0,10,10
413,4.3,916,9900,3.0,32.0,4230.0,10,10
414,4.4,11092,13990,4.0,64.0,5000.0,10,10
415,4.4,11092,14499,4.0,64.0,5000.0,10,10
416,4.1,33,19450,8.0,128.0,5000.0,10,10
417,4.3,22149,12988,4.0,64.0,4230.0,10,10
418,4.3,4035,13990,4.0,64.0,5000.0,10,10
419,4.3,28618,19990,8.0,128.0,4015.0,10,10
420,4.4,11594,19990,6.0,128.0,5000.0,10,10
421,4.3,4035,13999,4.0,64.0,5000.0,10,10
422,4.3,1272,13999,4.0,128.0,5000.0,10,10
423,4.5,82838,11990,4.0,64.0,5000.0,10,10
424,4.4,29604,11990,2.0,16.0,4230.0,10,10
425,4.3,5837,14990,4.0,128.0,4230.0,10,10
426,4.3,28408,15490,6.0,128.0,5000.0,10,10
427,4.4,4710,32990,8.0,128.0,4025.0,10,10
428,4.2,796,15499,4.0,64.0,5000.0,10,10
429,4.0,258,10990,2.0,32.0,4230.0,10,10
430,4.4,29604,11990,2.0,16.0,4230.0,10,10
431,4.3,5264,16990,8.0,128.0,5000.0,10,10
432,4.3,700,9490,3.0,32.0,4230.0,10,10
433,4.4,51589,10490,3.0,32.0,5000.0,10,10
434,4.3,916,9990,3.0,32.0,4230.0,10,10
435,4.0,258,9990,2.0,32.0,4230.0,10,10
436,4.3,1253,19000,6.0,128.0,5000.0,10,10
437,4.4,69762,25999,8.0,128.0,5000.0,10,10
438,4.4,51589,9090,3.0,32.0,5000.0,10,10
439,4.5,2384,27990,6.0,128.0,3400.0,10,10
440,4.5,2384,27990,6.0,128.0,3400.0,10,10
441,4.3,1887,17899,6.0,128.0,5000.0,10,10
442,4.3,28618,18999,8.0,128.0,4015.0,10,10
443,4.3,28618,19990,8.0,128.0,4015.0,10,10
444,4.4,75515,9990,3.0,32.0,4230.0,10,10
445,4.5,2384,27990,6.0,128.0,3400.0,10,10
446,4.3,29964,12149,6.0,128.0,4230.0,10,10
447,4.3,22149,12990,4.0,64.0,4230.0,10,10
448,4.3,1887,17899,6.0,128.0,5000.0,10,10
449,4.3,28618,19990,8.0,128.0,4015.0,10,10
450,4.3,14189,8090,2.0,32.0,4000.0,10,10
451,4.3,1253,20980,6.0,128.0,5000.0,10,10
452,4.3,53573,29990,8.0,128.0,4300.0,10,10
453,4.3,1272,13999,4.0,128.0,5000.0,10,10
454,4.3,5837,10434,4.0,128.0,4230.0,10,10
455,4.5,2384,27990,6.0,128.0,3400.0,10,10
456,4.3,1081,17999,8.0,128.0,5000.0,10,10
457,4.1,10,39990,8.0,128.0,3765.0,10,10
458,4.3,1272,13999,4.0,128.0,5000.0,10,10
459,4.4,67861,10990,4.0,64.0,4230.0,10,10
460,4.3,1272,13499,4.0,64.0,5000.0,10,10
461,4.4,75515,9990,3.0,32.0,4230.0,10,10
462,4.3,28618,18999,8.0,128.0,4015.0,10,10
463,4.4,9706,35990,8.0,128.0,4350.0,10,10
464,4.4,75515,9990,3.0,32.0,4230.0,10,10
465,4.2,1005,25999,8.0,128.0,4500.0,10,10
466,4.3,22149,10920,4.0,64.0,4230.0,10,10
467,4.4,56140,13990,6.0,128.0,5000.0,10,10
468,4.4,31683,19990,8.0,128.0,4310.0,10,10
469,4.4,67861,10990,4.0,64.0,4230.0,10,10
470,4.3,259,20990,4.0,64.0,3200.0,10,10
471,4.3,1272,14999,4.0,64.0,5000.0,10,10
472,4.5,152,20990,8.0,128.0,5000.0,10,10
473,4.5,152,20990,8.0,128.0,5000.0,10,10
474,4.4,68944,15990,6.0,128.0,5000.0,10,10
475,4.4,67861,10990,4.0,64.0,4230.0,10,10
476,4.4,75515,9990,3.0,32.0,4230.0,10,10
477,4.2,7395,8490,2.0,32.0,4230.0,10,10
478,4.3,469,16490,6.0,128.0,5000.0,10,10
479,4.3,28408,15490,6.0,128.0,5000.0,10,10
480,4.2,7395,7990,2.0,32.0,4230.0,10,10
481,4.4,68944,15990,6.0,128.0,5000.0,10,10
482,4.3,14189,8590,2.0,32.0,4000.0,10,10
483,4.4,56140,13990,6.0,128.0,5000.0,10,10
484,4.4,31683,19990,8.0,128.0,4310.0,10,10
485,4.4,4710,32990,8.0,128.0,4025.0,10,10
486,4.4,4710,32990,8.0,128.0,4025.0,10,10
487,4.4,5785,19990,4.0,32.0,3200.0,10,10
488,4.1,23,13989,4.0,64.0,5000.0,10,10
489,4.4,3059,14990,3.0,64.0,5000.0,10,10
490,4.4,1362,16990,4.0,128.0,4020.0,10,10
491,4.3,45924,31999,6.0,128.0,4410.0,1,1
492,4.3,45924,31999,6.0,128.0,4410.0,1,1
493,4.0,1994,43999,8.0,128.0,4300.0,1,1
494,4.0,1994,43999,8.0,128.0,4300.0,1,1
495,4.0,1994,43999,8.0,128.0,4300.0,1,1
496,4.4,9674,15999,8.0,128.0,5000.0,16,16
497,4.4,40179,13999,6.0,128.0,5000.0,16,16
498,4.4,9674,15999,8.0,128.0,5000.0,16,16
499,4.4,40179,13999,6.0,128.0,5000.0,16,16
500,4.4,9674,15999,8.0,128.0,5000.0,16,16
501,4.4,40179,13999,6.0,128.0,5000.0,16,16
502,4.5,22528,12999,4.0,128.0,5000.0,16,16
503,4.5,22528,12999,4.0,128.0,5000.0,16,16
504,4.5,22528,12999,4.0,128.0,5000.0,16,16
505,4.4,4264,20999,8.0,128.0,4500.0,16,16
506,4.4,4264,20999,8.0,128.0,4500.0,16,16
507,4.5,22618,18999,6.0,128.0,4500.0,16,16
508,4.5,22618,18999,6.0,128.0,4500.0,16,16
509,4.3,6963,17999,8.0,128.0,5000.0,16,16
510,4.3,6963,17999,8.0,128.0,5000.0,16,16
511,4.4,61172,15999,6.0,128.0,5000.0,16,16
512,4.4,61172,15999,6.0,128.0,5000.0,16,16
513,4.4,61172,15999,6.0,128.0,5000.0,16,16
514,4.3,6963,17999,8.0,128.0,5000.0,16,16
515,4.4,13774,32999,8.0,128.0,4600.0,16,16
516,4.4,13774,32999,8.0,128.0,4600.0,16,16
517,4.3,2702,12999,4.0,128.0,5000.0,16,16
518,4.3,2483,10499,3.0,64.0,5000.0,16,16
519,4.4,3153,16999,8.0,128.0,5000.0,16,16
520,4.4,3153,16999,8.0,128.0,5000.0,16,16
521,4.3,2702,11999,4.0,64.0,5000.0,16,16
522,4.3,2483,10999,3.0,64.0,5000.0,16,16
523,4.3,4622,11218,3.0,64.0,5000.0,16,16
524,4.3,2702,12999,4.0,128.0,5000.0,16,16
525,4.3,2702,12868,4.0,128.0,5000.0,16,16
526,4.3,2702,11999,4.0,64.0,5000.0,16,16
527,4.3,7628,25990,8.0,128.0,4500.0,16,16
528,4.3,7628,27999,8.0,128.0,4500.0,16,16
529,4.3,12835,17899,8.0,128.0,5000.0,16,16
530,4.3,2702,12890,4.0,128.0,5000.0,16,16
531,4.3,2483,10989,3.0,32.0,5000.0,16,16
532,4.3,2483,10989,3.0,32.0,5000.0,16,16
533,4.2,1100,19999,8.0,128.0,5000.0,16,16
534,4.4,26425,28485,8.0,128.0,4200.0,16,16
535,4.3,1794,9989,3.0,32.0,4030.0,16,16
536,4.2,1100,19999,8.0,128.0,5000.0,16,16
537,4.3,86,17999,4.0,128.0,5000.0,16,16
538,4.3,1326,23999,8.0,128.0,4500.0,16,16
539,4.3,1326,23999,8.0,128.0,4500.0,16,16
540,4.4,19641,24999,8.0,128.0,4700.0,16,16
541,4.4,10127,17690,8.0,128.0,4000.0,16,16
542,4.4,26425,31989,8.0,128.0,4200.0,16,16
543,4.3,2698,19990,8.0,128.0,4050.0,16,16
544,4.3,86,17999,4.0,128.0,5000.0,16,16
545,4.4,19641,24999,8.0,128.0,4700.0,16,16
546,4.4,8984,23999,6.0,128.0,4700.0,16,16
547,4.3,12835,15999,8.0,128.0,5000.0,16,16
548,4.3,2304,17990,4.0,64.0,5000.0,16,16
549,4.4,1727,15499,4.0,128.0,5000.0,16,16
550,4.4,10127,19990,8.0,128.0,4000.0,16,16
551,4.4,1727,15499,4.0,128.0,5000.0,16,16
552,4.2,2440,24990,8.0,128.0,4050.0,16,16
553,4.4,8984,23999,6.0,128.0,4700.0,16,16
554,4.4,426,19979,8.0,128.0,5000.0,16,16
555,4.3,1320,19990,6.0,128.0,5000.0,16,16
556,4.2,2440,24899,8.0,128.0,4050.0,16,16
557,4.3,6743,35999,8.0,128.0,4830.0,16,16
558,4.4,426,19989,8.0,128.0,5000.0,16,16
559,4.3,340,12190,3.0,64.0,5000.0,16,16
560,4.3,2304,13980,4.0,64.0,5000.0,16,16
561,4.3,1326,25499,8.0,128.0,4500.0,16,16
562,4.3,6743,35999,8.0,128.0,4830.0,16,16
563,4.3,340,12190,3.0,64.0,5000.0,16,16
564,4.4,5070,37999,8.0,128.0,4600.0,16,16
565,4.4,5070,37999,8.0,128.0,4600.0,16,16
566,4.3,17455,27990,8.0,128.0,4000.0,16,16
567,4.3,17455,27990,8.0,128.0,4000.0,16,16
568,4.3,1320,19990,6.0,128.0,5000.0,16,16
569,4.3,1367,17990,4.0,64.0,5000.0,16,16
570,4.3,1367,17990,4.0,64.0,5000.0,16,16
571,4.3,17707,19990,8.0,128.0,5000.0,16,16
572,4.3,1367,14999,4.0,128.0,5000.0,16,16
573,4.5,92258,16990,4.0,64.0,5000.0,16,16
574,4.5,92258,16990,4.0,64.0,5000.0,16,16
575,4.4,5319,14999,6.0,128.0,5000.0,16,16
576,4.4,5319,14999,6.0,128.0,5000.0,16,16
577,4.5,92258,12999,4.0,128.0,5000.0,16,16
578,4.4,10127,22000,8.0,128.0,4000.0,16,16
579,4.2,1609,7999,2.0,32.0,5000.0,16,16
580,4.3,4622,10499,3.0,32.0,5000.0,16,16
581,4.3,4622,11899,3.0,64.0,5000.0,16,16
582,4.3,1794,9490,3.0,32.0,4030.0,16,16
583,4.3,2698,16988,8.0,128.0,4050.0,16,16
584,4.5,12846,15148,4.0,128.0,4500.0,16,16
585,4.3,2531,14640,6.0,64.0,5000.0,16,16
586,4.3,67447,15990,4.0,128.0,5000.0,16,16
587,4.3,67447,15990,4.0,128.0,5000.0,16,16
588,4.3,67447,15990,4.0,128.0,5000.0,16,16
589,4.3,2531,15490,6.0,64.0,5000.0,16,16
590,4.4,1370,21990,8.0,128.0,5000.0,16,16
591,4.4,1370,21990,8.0,128.0,5000.0,16,16
592,4.3,1367,14990,4.0,128.0,5000.0,16,16
593,4.3,4622,10990,3.0,32.0,5000.0,16,16
594,4.3,542,12999,3.0,32.0,5000.0,16,16
595,4.2,1405,11490,3.0,32.0,5000.0,16,16
596,4.3,1367,14889,4.0,128.0,5000.0,16,16
597,4.2,1405,11699,3.0,64.0,5000.0,16,16
598,4.3,542,12999,3.0,32.0,5000.0,16,16
599,4.3,6342,18990,6.0,128.0,5000.0,16,16
600,4.3,6342,17499,6.0,128.0,5000.0,16,16
601,4.3,4402,9499,3.0,32.0,5000.0,16,16
602,4.3,6743,28990,8.0,128.0,4830.0,16,16
603,4.2,1405,11390,3.0,32.0,5000.0,16,16
604,4.3,43082,9990,2.0,32.0,4030.0,16,16
605,4.4,3957,37999,8.0,128.0,4300.0,16,16
606,4.4,3957,37990,8.0,128.0,4300.0,16,16
607,4.3,3848,38990,8.0,128.0,4300.0,16,16
608,4.3,14939,17449,4.0,64.0,5000.0,16,16
609,4.5,92258,16999,4.0,128.0,5000.0,16,16
610,4.3,14249,18990,4.0,128.0,5000.0,16,16
611,4.4,10887,13499,3.0,64.0,5000.0,16,16
612,4.5,17911,24990,6.0,64.0,3315.0,16,16
613,4.5,3791,43990,8.0,128.0,4450.0,16,16
614,4.4,44968,10990,3.0,32.0,5000.0,16,16
615,4.4,44968,10990,3.0,32.0,5000.0,16,16
616,4.4,44968,10999,3.0,64.0,5000.0,16,16
617,4.3,1897,36990,6.0,128.0,3200.0,16,16
618,4.4,17528,22221,4.0,64.0,3225.0,16,16
619,4.3,17455,27990,8.0,128.0,4000.0,16,16
620,4.4,26963,19990,4.0,32.0,3260.0,16,16
621,4.3,42,9999,4.0,64.0,5000.0,16,16
622,4.4,16017,10990,3.0,32.0,4030.0,16,16
623,4.4,51306,13990,3.0,32.0,3260.0,16,16
624,4.5,90513,23990,4.0,64.0,3260.0,16,16
625,4.5,8601,27990,8.0,128.0,4500.0,16,16
626,4.5,90513,23990,4.0,64.0,3260.0,16,16
627,4.5,8601,27990,8.0,128.0,4500.0,16,16
628,4.3,1946,15999,4.0,64.0,5000.0,16,16
629,4.5,31254,32990,6.0,128.0,3700.0,16,16
630,4.4,13534,30990,8.0,128.0,4500.0,16,16
631,4.4,2742,17989,8.0,128.0,5000.0,16,16
632,4.4,1370,21990,8.0,128.0,5000.0,16,16
633,4.3,17455,27990,8.0,128.0,4000.0,16,16
634,4.3,2531,15490,6.0,64.0,5000.0,16,16
635,4.3,14939,13499,4.0,128.0,5000.0,16,16
636,4.3,14939,13499,4.0,128.0,5000.0,16,16
637,4.3,4402,9849,3.0,32.0,5000.0,16,16
638,4.3,3848,38990,8.0,128.0,4300.0,16,16
639,4.4,8666,15990,6.0,128.0,5000.0,16,16
640,4.4,8666,16290,6.0,128.0,5000.0,16,16
641,4.3,16283,9990,3.0,32.0,5000.0,16,16
642,4.3,16283,9990,3.0,32.0,5000.0,16,16
643,4.3,14939,14499,4.0,64.0,5000.0,16,16
644,4.3,43082,7990,2.0,32.0,4030.0,16,16
645,4.4,10887,9999,3.0,64.0,5000.0,16,16
646,4.3,1912,10990,3.0,64.0,5000.0,16,16
647,4.3,19513,20990,8.0,128.0,5000.0,16,16
648,4.5,92258,15495,4.0,128.0,5000.0,16,16
649,4.3,8006,24990,8.0,128.0,4000.0,16,16
650,4.3,8006,23999,8.0,128.0,4000.0,16,16
651,4.4,5623,13990,4.0,64.0,5000.0,16,16
652,4.3,10554,17990,8.0,128.0,5000.0,16,16
653,4.3,10554,18490,8.0,128.0,5000.0,16,16
654,4.3,3241,16990,6.0,128.0,5000.0,16,16
655,4.4,69103,29999,8.0,128.0,4500.0,9,9
656,4.2,3620,12588,8.0,128.0,6000.0,13,13
657,4.2,3620,12166,8.0,128.0,6000.0,13,13
658,4.2,6837,7790,3.0,32.0,5000.0,13,13
659,4.1,26218,7175,2.0,32.0,5000.0,13,13
660,4.1,134,11390,4.0,64.0,6000.0,13,13
661,4.2,4034,23990,6.0,128.0,5000.0,6,6
662,4.2,6837,8199,3.0,32.0,5000.0,13,13
663,4.2,6837,8290,3.0,32.0,5000.0,13,13
664,4.2,6098,18999,8.0,128.0,4250.0,6,6
665,4.2,6098,18999,8.0,128.0,4250.0,6,6
666,4.2,12062,23999,6.0,128.0,4500.0,6,6
667,4.1,26218,7199,2.0,32.0,5000.0,13,13
668,4.1,26218,7343,2.0,32.0,5000.0,13,13
669,4.2,13149,18985,6.0,128.0,4250.0,6,6
670,4.2,3241,19199,8.0,128.0,5000.0,13,13
671,4.1,3657,24996,8.0,128.0,5000.0,6,6
672,4.2,2930,22990,6.0,128.0,4520.0,6,6
673,4.2,15294,16599,6.0,128.0,4030.0,6,6
674,3.9,504,34999,8.0,128.0,4520.0,6,6
675,4.1,3657,37999,8.0,128.0,5000.0,6,6
676,4.0,630,32499,8.0,128.0,5000.0,6,6
677,4.2,21766,26999,8.0,128.0,5160.0,6,6
678,4.2,3576,24990,6.0,128.0,4250.0,6,6
679,3.9,504,28799,8.0,128.0,4520.0,6,6
680,4.1,196,11999,6.0,128.0,5000.0,13,13
681,4.2,2433,32990,8.0,128.0,4520.0,6,6
682,4.2,2433,34499,8.0,128.0,4520.0,6,6
683,4.2,2433,25990,8.0,128.0,4520.0,6,6
684,4.2,2930,24999,6.0,128.0,4520.0,6,6
685,4.1,134,12999,4.0,64.0,6000.0,13,13
686,4.2,3688,38849,8.0,128.0,5000.0,6,6
687,4.2,1777,26999,8.0,128.0,4250.0,6,6
688,4.3,14942,9399,3.0,32.0,5000.0,13,13
689,4.2,18404,8999,3.0,32.0,5000.0,13,13
690,4.1,60,15999,6.0,128.0,6000.0,13,13
691,4.5,51408,22999,6.0,64.0,4000.0,13,13
692,4.5,51408,22999,6.0,64.0,4000.0,13,13
693,4.3,38829,14999,4.0,64.0,4030.0,6,6
694,4.2,6043,15699,6.0,64.0,5000.0,13,13
695,4.1,134,12499,4.0,64.0,6000.0,13,13
696,4.2,6043,17999,6.0,128.0,5000.0,13,13
697,4.2,6043,16795,6.0,64.0,5000.0,13,13
698,4.2,13149,21999,6.0,128.0,4250.0,6,6
699,4.2,6098,18999,8.0,128.0,4250.0,6,6
700,4.2,38416,24999,6.0,128.0,5160.0,6,6
701,4.4,6775,8999,3.0,32.0,4000.0,13,13
702,4.4,6775,8799,3.0,32.0,4000.0,13,13
703,4.2,3576,21499,6.0,128.0,4250.0,6,6
704,4.3,539,13499,4.0,64.0,5018.0,13,13
705,4.3,14374,7699,2.0,32.0,4000.0,13,13
706,4.2,2756,20999,8.0,128.0,5000.0,13,13
707,4.2,3576,22500,6.0,128.0,4250.0,6,6
708,4.2,1777,22800,8.0,128.0,4250.0,6,6
709,4.2,38416,24999,6.0,128.0,5160.0,6,6
710,4.3,21818,6660,2.0,32.0,5000.0,13,13
711,4.2,1777,22990,8.0,128.0,4250.0,6,6
712,4.3,539,13799,4.0,128.0,5020.0,13,13
713,4.3,21818,6995,2.0,32.0,5000.0,13,13
714,4.5,51408,22999,6.0,64.0,4000.0,13,13
715,4.3,14942,7079,3.0,32.0,5000.0,13,13
716,4.3,18759,14999,3.0,32.0,4850.0,6,6
717,4.3,14942,7290,3.0,32.0,5000.0,13,13
718,4.3,18759,14999,3.0,32.0,4850.0,6,6
719,4.3,18759,14999,3.0,32.0,4850.0,6,6
720,4.3,18759,14999,3.0,32.0,4850.0,6,6
721,4.2,38416,24999,6.0,128.0,5160.0,6,6
722,4.3,18759,14999,3.0,32.0,4850.0,6,6
723,4.2,6800,28999,8.0,128.0,4500.0,6,6
724,4.2,18404,9999,3.0,64.0,5000.0,13,13
725,4.2,1405,17990,6.0,128.0,5000.0,13,13
726,4.3,3019,23999,6.0,64.0,4820.0,6,6
727,4.2,15294,17499,6.0,128.0,4030.0,6,6
728,4.2,13149,21999,6.0,128.0,4250.0,6,6
729,4.5,51408,24999,6.0,128.0,4000.0,13,13
730,4.5,51408,24999,6.0,128.0,4000.0,13,13
731,4.2,18404,8999,3.0,32.0,5000.0,13,13
732,4.2,6043,18999,6.0,64.0,5000.0,13,13
733,4.5,51408,22999,6.0,64.0,4000.0,13,13
734,4.2,18404,8999,3.0,32.0,5000.0,13,13
735,4.2,18404,9999,3.0,64.0,5000.0,13,13
736,4.2,6043,18999,6.0,64.0,5000.0,13,13
737,4.5,51408,22999,6.0,64.0,4000.0,13,13
738,4.2,38416,24999,6.0,128.0,5160.0,6,6
739,4.3,6041,37999,6.0,128.0,3400.0,6,6
740,3.9,504,28699,8.0,128.0,4520.0,6,6
741,4.5,51408,24999,6.0,128.0,4000.0,13,13
742,4.2,3576,24999,6.0,128.0,4250.0,6,6
743,4.2,21766,26999,8.0,128.0,5160.0,6,6
744,4.2,12062,23999,6.0,128.0,4500.0,6,6
745,4.2,3576,24999,6.0,128.0,4250.0,6,6
746,4.2,1777,22999,8.0,128.0,4250.0,6,6
747,4.0,630,42999,8.0,128.0,5000.0,6,6
748,4.4,44298,14999,4.0,64.0,5300.0,6,6
749,4.3,3019,23999,6.0,64.0,4820.0,6,6
750,4.2,2756,21450,8.0,128.0,5000.0,13,13
751,4.2,6433,20451,6.0,128.0,5000.0,13,13
752,4.2,2756,21990,8.0,128.0,5000.0,13,13
753,4.3,4,8999,3.0,32.0,5050.0,8,8
754,4.5,12,6998,2.0,64.0,4000.0,8,8
755,4.0,868,16999,6.0,128.0,5050.0,8,8
756,4.0,868,16999,6.0,128.0,5050.0,8,8
757,4.5,12,6999,2.0,64.0,4000.0,8,8
758,4.0,5183,5499,1.0,8.0,4000.0,8,8
759,4.1,1196,11499,3.0,64.0,4500.0,8,8
760,4.1,1196,11499,3.0,64.0,4500.0,8,8
761,4.1,277,14499,4.0,64.0,5050.0,8,8
762,4.1,1196,11280,3.0,64.0,4500.0,8,8
763,3.9,3775,16799,4.0,64.0,4000.0,8,8
764,4.3,4,8999,3.0,32.0,5050.0,8,8
765,3.9,34,9949,4.0,64.0,5050.0,8,8
766,4.0,585,13999,4.0,64.0,4000.0,8,8
767,4.0,585,13999,4.0,64.0,4000.0,8,8
768,4.1,277,14499,4.0,64.0,5050.0,8,8
769,4.3,4,8999,3.0,32.0,5050.0,8,8
770,4.0,202,11499,4.0,64.0,5050.0,8,8
771,4.0,202,9290,4.0,64.0,5050.0,8,8
772,3.9,34,9800,4.0,64.0,5050.0,8,8
773,3.9,34,9999,4.0,64.0,5050.0,8,8
774,4.0,585,13999,4.0,64.0,4000.0,8,8
775,4.5,12,6998,2.0,64.0,4000.0,8,8
776,3.9,293,12999,4.0,64.0,5050.0,8,8
777,3.9,71,8489,3.0,32.0,6000.0,8,8
778,4.1,18985,11999,8.0,128.0,5000.0,5,5
779,3.9,4645,7999,4.0,64.0,5000.0,5,5
780,4.0,25325,7499,4.0,64.0,5000.0,5,5
781,4.1,18985,11999,8.0,128.0,5000.0,5,5
782,3.9,20903,9999,4.0,128.0,5000.0,5,5
783,4.1,31993,15499,6.0,128.0,5000.0,5,5
784,3.9,20903,9999,4.0,128.0,5000.0,5,5
785,4.0,25325,7499,4.0,64.0,5000.0,5,5
786,3.9,4645,7999,4.0,64.0,5000.0,5,5
787,4.0,25325,7499,4.0,64.0,5000.0,5,5
788,4.1,31993,15499,6.0,128.0,5000.0,5,5
789,3.9,12722,16999,8.0,128.0,5000.0,5,5
790,4.1,14896,16499,8.0,128.0,5000.0,5,5
791,4.1,14896,16499,8.0,128.0,5000.0,5,5
792,3.9,12722,16999,8.0,128.0,5000.0,5,5
793,4.2,82711,8999,4.0,64.0,5000.0,5,5
794,4.1,6293,21499,8.0,128.0,5000.0,5,5
795,4.1,17253,12999,6.0,128.0,5000.0,5,5
796,4.1,6293,21499,8.0,128.0,5000.0,5,5
797,3.9,275,8315,4.0,64.0,5000.0,5,5
798,4.0,3091,6999,2.0,64.0,5000.0,5,5
799,4.1,16478,16999,6.0,128.0,5000.0,5,5
800,4.1,16478,16999,6.0,128.0,5000.0,5,5
801,4.2,39803,13999,6.0,128.0,5000.0,5,5
802,4.2,7176,13999,4.0,64.0,5000.0,5,5
803,4.0,3091,6999,2.0,64.0,5000.0,5,5
804,4.2,40241,10999,4.0,64.0,5000.0,5,5
805,4.2,7176,11299,4.0,64.0,5000.0,5,5
806,4.3,3550,39999,8.0,128.0,4400.0,5,5
807,4.0,3091,6999,2.0,64.0,5000.0,5,5
808,3.9,20903,9499,4.0,64.0,5000.0,5,5
809,4.1,6102,25999,8.0,128.0,4020.0,5,5
810,4.2,7176,13999,4.0,64.0,5000.0,5,5
811,4.1,6102,25999,8.0,128.0,4020.0,5,5
812,4.3,3550,39999,8.0,128.0,4400.0,5,5
813,4.2,40132,11999,4.0,64.0,5000.0,5,5
814,4.2,40241,10999,4.0,64.0,5000.0,5,5
815,4.2,7176,11980,4.0,64.0,5000.0,5,5
816,3.9,275,9999,4.0,64.0,5000.0,5,5
817,4.2,23711,17997,6.0,128.0,5000.0,5,5
818,4.1,11025,24999,6.0,128.0,4020.0,5,5
819,4.1,17931,14999,4.0,64.0,5000.0,5,5
820,4.2,40132,11999,4.0,64.0,5000.0,5,5
821,4.3,3550,39999,8.0,128.0,4400.0,5,5
822,4.2,57540,12999,6.0,128.0,6000.0,5,5
823,4.1,11025,24999,6.0,128.0,4020.0,5,5
824,4.2,57540,19999,6.0,128.0,6000.0,5,5
825,4.3,11315,15999,4.0,64.0,4000.0,5,5
826,4.1,9496,34999,8.0,128.0,4000.0,5,5
827,4.0,1986,34999,8.0,128.0,4800.0,5,5
828,4.2,16775,11249,4.0,64.0,5000.0,5,5
829,4.2,39803,13999,6.0,128.0,5000.0,5,5
830,4.2,8683,19999,6.0,128.0,5000.0,5,5
831,4.2,82711,8999,4.0,64.0,5000.0,5,5
832,4.1,17931,14999,4.0,64.0,5000.0,5,5
833,4.0,20231,18999,6.0,128.0,5000.0,5,5
834,4.2,23711,16999,6.0,128.0,5000.0,5,5
835,4.1,10429,6999,2.0,32.0,5000.0,5,5
836,4.0,4077,29999,8.0,128.0,4500.0,5,5
837,4.1,12081,20999,8.0,128.0,5000.0,5,5
838,4.2,33301,10999,4.0,64.0,6000.0,5,5
839,4.2,8683,19999,6.0,128.0,5000.0,5,5
840,4.1,12081,20999,8.0,128.0,5000.0,5,5
841,4.0,20231,18999,6.0,128.0,5000.0,5,5
842,4.2,14883,24999,6.0,128.0,5000.0,5,5
843,4.2,61705,9999,4.0,64.0,6000.0,5,5
844,4.2,61705,9999,4.0,64.0,6000.0,5,5
845,3.9,1603,9999,4.0,64.0,5000.0,5,5
846,4.2,16775,11249,4.0,64.0,5000.0,5,5
847,4.4,69086,18388,6.0,128.0,5000.0,11,11
848,4.4,69086,18999,6.0,128.0,5000.0,11,11
849,4.3,8782,28160,8.0,128.0,4500.0,11,11
850,4.3,8782,27924,8.0,128.0,4500.0,11,11
851,4.5,2797,39950,8.0,128.0,5000.0,11,11
852,4.3,8782,27990,8.0,128.0,4500.0,11,11
853,4.3,8782,28385,8.0,128.0,4500.0,11,11
854,4.3,1688,31149,8.0,128.0,5000.0,11,11
855,4.3,1688,31112,8.0,128.0,5000.0,11,11
856,4.3,1688,31220,8.0,128.0,5000.0,11,11
857,4.5,2797,39934,8.0,128.0,5000.0,11,11
858,4.3,1688,31270,8.0,128.0,5000.0,11,11
859,4.5,125,22990,8.0,128.0,3800.0,11,11
860,4.5,24,20990,6.0,128.0,3700.0,11,11
861,4.3,2260,31999,8.0,128.0,5000.0,11,11
862,4.5,442,34990,8.0,128.0,4300.0,11,11
863,4.5,442,34990,8.0,128.0,4300.0,11,11
864,4.5,305,30990,6.0,128.0,4000.0,11,11
865,4.5,2797,39989,8.0,128.0,5000.0,11,11
866,4.3,524,42999,8.0,128.0,4500.0,11,11
867,3.9,369,35890,8.0,128.0,4500.0,11,11
868,3.9,369,35890,8.0,128.0,4500.0,11,11
869,4.2,5,22990,6.0,128.0,4500.0,11,11
870,4.4,145,32990,8.0,128.0,4500.0,11,11
871,4.3,8782,28179,8.0,128.0,4500.0,11,11
872,4.4,145,32990,8.0,128.0,4500.0,11,11
873,4.5,2797,39970,8.0,128.0,5000.0,11,11
874,4.3,5819,21949,8.0,128.0,5000.0,11,11
875,4.3,5819,21999,8.0,128.0,5000.0,11,11
876,4.2,234,26999,12.0,128.0,4500.0,11,11
877,4.5,125,31998,8.0,128.0,3700.0,11,11
878,4.4,1937,29999,8.0,128.0,4500.0,11,11
879,4.4,596,18999,8.0,128.0,5000.0,11,11
880,4.4,596,19999,8.0,128.0,5000.0,11,11
881,4.6,9598,32999,8.0,128.0,3800.0,11,11
882,3.9,369,36790,8.0,128.0,4500.0,11,11
883,3.9,369,35333,8.0,128.0,4500.0,11,11
884,4.2,5,27899,6.0,128.0,4500.0,11,11
885,4.2,5,24999,6.0,128.0,4500.0,11,11
886,4.3,5819,21990,8.0,128.0,5000.0,11,11
887,4.4,1937,19700,8.0,128.0,4500.0,11,11
888,4.2,426,23900,6.0,128.0,4500.0,11,11
889,4.3,2795,24797,8.0,128.0,4500.0,11,11
890,4.2,426,23999,6.0,128.0,4500.0,11,11
891,3.9,369,37190,8.0,128.0,4500.0,11,11
892,4.2,426,23990,6.0,128.0,4500.0,11,11
893,4.2,426,23989,6.0,128.0,4500.0,11,11
894,4.3,1127,19990,4.0,128.0,4000.0,2,2
895,4.6,11,25990,6.0,128.0,3340.0,2,2
896,4.3,1205,42998,3.0,64.0,3450.0,7,7
897,4.5,4082,42999,3.0,64.0,3450.0,7,7
898,4.5,4082,39999,3.0,32.0,3450.0,7,7
899,4.3,1127,19990,4.0,128.0,4000.0,2,2
900,4.1,297,12999,3.0,32.0,4000.0,0,0
901,4.1,297,3799,3.0,32.0,4000.0,0,0
902,4.1,9952,7999,3.0,32.0,4000.0,4,4
903,4.0,42171,10310,3.0,32.0,4050.0,4,4
904,4.0,42171,10090,3.0,32.0,4050.0,4,4
905,4.1,11468,16999,4.0,64.0,4050.0,4,4
906,4.1,22593,11999,4.0,32.0,4000.0,4,4
907,4.1,22593,11999,4.0,32.0,4000.0,4,4
908,4.1,2005,11999,4.0,64.0,3760.0,4,4
909,3.9,4289,15499,3.0,32.0,3500.0,4,4
910,4.1,2005,11999,4.0,64.0,3760.0,4,4
911,4.2,19291,9999,3.0,32.0,4000.0,4,4
912,4.0,83006,10999,4.0,32.0,4000.0,4,4
913,4.1,15949,6999,2.0,16.0,4000.0,4,4
914,4.3,33752,7499,4.0,64.0,6000.0,3,3
915,4.3,33752,7499,4.0,64.0,6000.0,3,3
916,4.3,33752,7499,4.0,64.0,6000.0,3,3
917,4.3,22569,9499,8.0,128.0,5000.0,3,3
918,4.3,22569,9499,8.0,128.0,5000.0,3,3
919,4.3,5503,8399,4.0,64.0,5000.0,3,3
920,4.3,5503,8399,4.0,64.0,5000.0,3,3
921,4.3,5503,8399,4.0,64.0,5000.0,3,3
922,4.3,22569,9499,8.0,128.0,5000.0,3,3
923,4.3,22569,9499,8.0,128.0,5000.0,3,3
924,4.3,5503,8399,4.0,64.0,5000.0,3,3
925,4.4,6252,6199,2.0,64.0,5000.0,3,3
926,4.3,33810,5999,2.0,32.0,5000.0,3,3
927,4.3,33810,5999,2.0,32.0,5000.0,3,3
928,4.3,33810,5999,2.0,32.0,5000.0,3,3
929,4.1,5494,13499,6.0,128.0,5000.0,3,3
930,4.2,10930,11499,4.0,64.0,5000.0,3,3
931,4.2,10930,11499,4.0,64.0,5000.0,3,3
932,4.1,5494,13499,6.0,128.0,5000.0,3,3
933,4.1,27133,17999,8.0,128.0,5000.0,3,3
934,4.1,27133,17999,8.0,128.0,5000.0,3,3
935,4.2,10930,11499,4.0,64.0,5000.0,3,3
936,4.2,5955,10499,4.0,64.0,5000.0,3,3
937,4.2,5955,10499,4.0,64.0,5000.0,3,3
938,4.2,5955,10499,4.0,64.0,5000.0,3,3
939,4.1,5494,13499,6.0,128.0,5000.0,3,3
940,4.4,6252,6199,2.0,64.0,5000.0,3,3
941,4.4,6252,6199,2.0,64.0,5000.0,3,3
942,4.4,6252,6199,2.0,64.0,5000.0,3,3
943,4.4,25096,8499,4.0,64.0,6000.0,3,3
944,4.4,25096,8499,4.0,64.0,6000.0,3,3
945,4.4,25096,8499,4.0,64.0,6000.0,3,3
946,4.4,25096,8499,4.0,64.0,6000.0,3,3
947,4.1,3299,16599,8.0,128.0,5000.0,3,3
948,4.2,27533,8999,4.0,64.0,6000.0,3,3
949,4.2,27533,8999,4.0,64.0,6000.0,3,3
950,4.2,27533,8999,4.0,64.0,6000.0,3,3
951,4.2,27533,8999,4.0,64.0,6000.0,3,3
952,4.1,3299,16599,8.0,128.0,5000.0,3,3
953,4.1,3299,16599,8.0,128.0,5000.0,3,3
954,4.2,13349,12999,6.0,128.0,5000.0,3,3
955,4.2,27194,10999,4.0,64.0,5000.0,3,3
956,4.2,3729,16999,8.0,128.0,4500.0,3,3
957,4.2,3729,16999,8.0,128.0,4500.0,3,3
958,4.2,3729,16999,8.0,128.0,4500.0,3,3
959,4.3,32464,6999,2.0,64.0,5000.0,3,3
960,4.3,32464,6999,2.0,64.0,5000.0,3,3
961,4.3,32464,6999,2.0,64.0,5000.0,3,3
962,4.3,32464,6999,2.0,64.0,5000.0,3,3
963,4.2,13349,12999,6.0,128.0,5000.0,3,3
964,4.2,19564,14999,6.0,64.0,5000.0,3,3
965,4.2,11007,9999,6.0,64.0,5000.0,3,3
966,4.0,5240,12999,8.0,128.0,5000.0,3,3
967,4.2,11007,9999,6.0,64.0,5000.0,3,3
968,4.2,11007,9999,6.0,64.0,5000.0,3,3
969,4.2,11007,9999,6.0,64.0,5000.0,3,3
970,4.2,19564,14999,6.0,64.0,5000.0,3,3
971,4.0,5240,12999,8.0,128.0,5000.0,3,3
972,4.0,5240,12999,8.0,128.0,5000.0,3,3
973,4.3,8157,15999,8.0,128.0,5000.0,3,3
974,4.3,16419,9999,4.0,64.0,5200.0,3,3
975,4.3,16419,9999,4.0,64.0,5200.0,3,3
976,4.3,79849,7199,2.0,32.0,5000.0,3,3
977,4.3,79849,7199,2.0,32.0,5000.0,3,3
978,4.3,8157,15999,8.0,128.0,5000.0,3,3
979,4.3,79849,7199,2.0,32.0,5000.0,3,3
980,4.2,17968,9999,4.0,64.0,5000.0,3,3
981,4.2,12712,8299,3.0,64.0,5000.0,3,3
982,4.3,50667,11999,4.0,128.0,5000.0,3,3
983,4.3,50667,11999,4.0,128.0,5000.0,3,3
984,4.2,11290,16999,6.0,128.0,5000.0,3,3
985,4.3,39201,12499,4.0,64.0,5000.0,3,3
986,4.3,39201,12499,4.0,64.0,5000.0,3,3
987,4.3,39201,12499,4.0,64.0,5000.0,3,3
988,4.2,11290,16999,6.0,128.0,5000.0,3,3
989,4.3,12319,13999,6.0,64.0,5000.0,3,3
990,4.3,50667,10999,4.0,64.0,5000.0,3,3
991,4.2,17968,9999,4.0,64.0,5000.0,3,3
992,4.2,17968,9999,4.0,64.0,5000.0,3,3
993,4.3,50667,10999,4.0,64.0,5000.0,3,3
994,4.3,50667,11999,4.0,128.0,5000.0,3,3
995,4.3,66729,7499,2.0,32.0,5000.0,3,3
996,4.2,10773,19999,8.0,128.0,5000.0,3,3
997,4.2,8693,13999,8.0,128.0,5000.0,3,3
998,4.2,27194,10999,4.0,64.0,5000.0,3,3
999,4.3,8157,15999,8.0,128.0,5000.0,3,3
1000,4.2,12712,8299,3.0,64.0,5000.0,3,3
1001,4.3,66729,6499,2.0,32.0,5000.0,3,3
1002,4.2,12712,8299,3.0,64.0,5000.0,3,3
1003,4.3,66729,6499,2.0,32.0,5000.0,3,3
1004,4.2,11290,16999,6.0,128.0,5000.0,3,3
1005,4.3,12319,13999,6.0,64.0,5000.0,3,3
1006,4.3,50667,10999,4.0,64.0,5000.0,3,3
1007,4.3,50667,10999,4.0,64.0,5000.0,3,3
1008,4.3,50667,11999,4.0,128.0,5000.0,3,3
1009,4.2,8704,13999,8.0,128.0,5000.0,3,3
1010,4.0,5240,12999,8.0,128.0,5000.0,3,3
1011,4.3,12319,13999,6.0,64.0,5000.0,3,3
1012,4.2,8704,13999,8.0,128.0,5000.0,3,3
1013,4.4,32752,8999,2.0,32.0,6000.0,3,3
1014,4.4,32752,8999,2.0,32.0,6000.0,3,3
1015,4.3,25582,14999,4.0,64.0,5000.0,3,3
1016,4.3,25582,14999,4.0,64.0,5000.0,3,3
1017,4.3,25582,14999,4.0,64.0,5000.0,3,3
1018,4.2,7117,18999,8.0,128.0,4500.0,3,3
1019,4.3,15701,10999,4.0,64.0,4000.0,3,3
